zid,average_precision,average_recall,accuracy
1111111,0.7015088129114462,0.8628158844765343,0.6525
